layout_id,layout_name,trans_types,pos,len,field,desc
3.1.1,一般交易 (含支付寶),"01,02,22,23,24,25,30,60,62,70",1,2,Trans_Type,交易別
3.1.1,一般交易 (含支付寶),"01,02,22,23,24,25,30,60,62,70",3,2,Host_ID,銀行別
3.1.1,一般交易 (含支付寶),"01,02,22,23,24,25,30,60,62,70",5,6,Invoice_No,EDC 簽單調閱編號
3.1.1,一般交易 (含支付寶),"01,02,22,23,24,25,30,60,62,70",11,19,Card_No,信用卡卡號 (左靠右補空白)
3.1.1,一般交易 (含支付寶),"01,02,22,23,24,25,30,60,62,70",30,4,Card_Expire_Date,信用卡有效期 (全部空白)
3.1.1,一般交易 (含支付寶),"01,02,22,23,24,25,30,60,62,70",34,12,Trans_Amount,交易金額
3.1.1,一般交易 (含支付寶),"01,02,22,23,24,25,30,60,62,70",46,6,Trans_Date,交易日期
3.1.1,一般交易 (含支付寶),"01,02,22,23,24,25,30,60,62,70",52,6,Trans_Time,交易時間
3.1.1,一般交易 (含支付寶),"01,02,22,23,24,25,30,60,62,70",58,9,Approval_No,授權碼 (左靠右補空白)
3.1.1,一般交易 (含支付寶),"01,02,22,23,24,25,30,60,62,70",67,12,Auth_Amount,預先授權金額
3.1.1,一般交易 (含支付寶),"01,02,22,23,24,25,30,60,62,70",79,4,ECR_Response_Code,通訊回應碼
3.1.1,一般交易 (含支付寶),"01,02,22,23,24,25,30,60,62,70",83,8,EDC_Terminal_ID,EDC 端末機代號
3.1.1,一般交易 (含支付寶),"01,02,22,23,24,25,30,60,62,70",91,12,Reference_No,銀行交易序號
3.1.1,一般交易 (含支付寶),"01,02,22,23,24,25,30,60,62,70",103,12,Exp_Amount,其他金額
3.1.1,一般交易 (含支付寶),"01,02,22,23,24,25,30,60,62,70",115,18,Store_Id,專櫃號
3.1.1,一般交易 (含支付寶),"01,02,22,23,24,25,30,60,62,70",133,2,Start Get PAN,"交易別 (SALE 01, REFUND 02)"
3.1.1,一般交易 (含支付寶),"01,02,22,23,24,25,30,60,62,70",135,3,Issuer Id,發卡代號
3.1.1,一般交易 (含支付寶),"01,02,22,23,24,25,30,60,62,70",138,1,CardType,卡片代碼
3.1.1,一般交易 (含支付寶),"01,02,22,23,24,25,30,60,62,70",139,4,Filler,保留
3.1.1,一般交易 (含支付寶),"01,02,22,23,24,25,30,60,62,70",143,1,Only_Credit/CUP,強制信用卡/銀聯卡
3.1.1,一般交易 (含支付寶),"01,02,22,23,24,25,30,60,62,70",144,1,Filler,保留
3.1.1,一般交易 (含支付寶),"01,02,22,23,24,25,30,60,62,70",145,50,Encrypted Card Number,加密卡號
3.1.1,一般交易 (含支付寶),"01,02,22,23,24,25,30,60,62,70",195,16,Cancel Debt Number,銷帳編號
3.1.1,一般交易 (含支付寶),"01,02,22,23,24,25,30,60,62,70",211,6,STAN,端末交易序號 (支付寶)
3.1.1,一般交易 (含支付寶),"01,02,22,23,24,25,30,60,62,70",217,16,Order_Num,訂單編號 (支付寶)
3.1.1,一般交易 (含支付寶),"01,02,22,23,24,25,30,60,62,70",233,16,Old Order_Num,原訂單編號 (支付寶)
3.1.1,一般交易 (含支付寶),"01,02,22,23,24,25,30,60,62,70",249,14,Old Trans_Time,原交易時間 (支付寶)
3.1.1,一般交易 (含支付寶),"01,02,22,23,24,25,30,60,62,70",263,32,ALIPAY_ID,支付寶條碼
3.1.1,一般交易 (含支付寶),"01,02,22,23,24,25,30,60,62,70",295,4,Host_Response_Code,信用卡主機回應碼
3.1.1,一般交易 (含支付寶),"01,02,22,23,24,25,30,60,62,70",299,15,EDC_Merchant_ID,EDC 商店代號
3.1.1,一般交易 (含支付寶),"01,02,22,23,24,25,30,60,62,70",314,5,Filler,保留
3.1.1,一般交易 (含支付寶),"01,02,22,23,24,25,30,60,62,70",319,30,Additional Information,附加資料 (左靠右補空白)
3.1.1,一般交易 (含支付寶),"01,02,22,23,24,25,30,60,62,70",349,1,ESC_Status,電簽簽名狀態
3.1.1,一般交易 (含支付寶),"01,02,22,23,24,25,30,60,62,70",350,4,ESC_Response_Code,電簽主機回應碼
3.1.1,一般交易 (含支付寶),"01,02,22,23,24,25,30,60,62,70",354,247,Filler,保留
3.1.2,分期交易,"03,04",1,2,Trans_Type,交易別
3.1.2,分期交易,"03,04",3,2,Host_ID,銀行別
3.1.2,分期交易,"03,04",5,6,Invoice_No,EDC 簽單調閱編號
3.1.2,分期交易,"03,04",11,19,Card_No,信用卡卡號 (左靠右補空白)
3.1.2,分期交易,"03,04",30,4,Card_Expire_Date,信用卡有效期 (全部空白)
3.1.2,分期交易,"03,04",34,12,Trans_Amount,交易金額
3.1.2,分期交易,"03,04",46,6,Trans_Date,交易日期
3.1.2,分期交易,"03,04",52,6,Trans_Time,交易時間
3.1.2,分期交易,"03,04",58,9,Approval_No,授權碼 (左靠右補空白)
3.1.2,分期交易,"03,04",67,12,DownPayment,首期金額
3.1.2,分期交易,"03,04",79,4,ECR_Response_Code,通訊回應碼
3.1.2,分期交易,"03,04",83,8,EDC_Terminal_ID,EDC 端末機代號
3.1.2,分期交易,"03,04",91,12,Reference_No,銀行交易序號
3.1.2,分期交易,"03,04",103,12,EachPayment,每期金額
3.1.2,分期交易,"03,04",115,18,Store_Id,專櫃號
3.1.2,分期交易,"03,04",133,2,Start Get PAN,"交易別 (分期 SALE 03, 分期退貨 04)"
3.1.2,分期交易,"03,04",135,2,Period,分期期數
3.1.2,分期交易,"03,04",137,1,Filler,保留
3.1.2,分期交易,"03,04",138,1,CardType,卡片代碼
3.1.2,分期交易,"03,04",139,6,InterestAmt,手續費
3.1.2,分期交易,"03,04",145,50,Encrypted Card Number,加密卡號
3.1.2,分期交易,"03,04",195,16,Cancel Debt Number,銷帳編號
3.1.2,分期交易,"03,04",211,108,Filler,保留
3.1.2,分期交易,"03,04",319,30,Additional Information,附加資料 (左靠右補空白)
3.1.2,分期交易,"03,04",349,1,ESC_Status,電簽簽名狀態
3.1.2,分期交易,"03,04",350,4,ESC_Response_Code,電簽主機回應碼
3.1.2,分期交易,"03,04",354,247,Filler,保留
3.1.3,繳費交易 (含全國性繳費),"05,06,26",1,2,Trans_Type,交易別
3.1.3,繳費交易 (含全國性繳費),"05,06,26",3,2,Host_ID,銀行別
3.1.3,繳費交易 (含全國性繳費),"05,06,26",5,6,Invoice_No,EDC 簽單調閱編號
3.1.3,繳費交易 (含全國性繳費),"05,06,26",11,19,Card_No,金融卡帳號 (左靠右補空白)
3.1.3,繳費交易 (含全國性繳費),"05,06,26",30,4,IssureReturnCode,主機回應碼
3.1.3,繳費交易 (含全國性繳費),"05,06,26",34,12,Trans_Amount,交易金額
3.1.3,繳費交易 (含全國性繳費),"05,06,26",46,6,Trans_Date,交易日期
3.1.3,繳費交易 (含全國性繳費),"05,06,26",52,6,Trans_Time,交易時間
3.1.3,繳費交易 (含全國性繳費),"05,06,26",58,7,IssureSeqNo,主機查詢序號
3.1.3,繳費交易 (含全國性繳費),"05,06,26",65,4,FeeAmt,繳費作業手續費
3.1.3,繳費交易 (含全國性繳費),"05,06,26",69,6,ProcessCode,處理代碼 (逾時查詢用)
3.1.3,繳費交易 (含全國性繳費),"05,06,26",75,4,FiscCode,交易類別代碼 (逾時查詢用)
3.1.3,繳費交易 (含全國性繳費),"05,06,26",79,4,ECR_Response_Code,通訊回應碼
3.1.3,繳費交易 (含全國性繳費),"05,06,26",83,8,EDC_Terminal_ID,EDC 端末機代號
3.1.3,繳費交易 (含全國性繳費),"05,06,26",91,3,ProcessStatus,主機處理狀況 (逾時查詢用)
3.1.3,繳費交易 (含全國性繳費),"05,06,26",94,21,Filler,保留
3.1.3,繳費交易 (含全國性繳費),"05,06,26",115,18,Store_Id,專櫃號
3.1.3,繳費交易 (含全國性繳費),"05,06,26",133,2,Start Get PAN,"交易別 (全國繳費 05, 一般繳費 06)"
3.1.3,繳費交易 (含全國性繳費),"05,06,26",135,3,Issuer Id,發卡代號
3.1.3,繳費交易 (含全國性繳費),"05,06,26",138,1,CardType,卡片代碼
3.1.3,繳費交易 (含全國性繳費),"05,06,26",139,6,Filler,保留
3.1.3,繳費交易 (含全國性繳費),"05,06,26",145,50,Encrypted Card Number,加密卡號
3.1.3,繳費交易 (含全國性繳費),"05,06,26",195,16,Cancel Debt Number,銷帳編號
3.1.3,繳費交易 (含全國性繳費),"05,06,26",211,4,Host_Resp_Code,主機回應碼 (欄位 39)
3.1.3,繳費交易 (含全國性繳費),"05,06,26",215,4,NP_Resp_Errcode,全國性繳費主機回應碼 (欄位 57)
3.1.3,繳費交易 (含全國性繳費),"05,06,26",219,15,EDC_Merchant_ID,EDC 商店代號
3.1.3,繳費交易 (含全國性繳費),"05,06,26",234,16,NP_Order_Number,全繳訂單編號
3.1.3,繳費交易 (含全國性繳費),"05,06,26",250,69,Filler,保留
3.1.3,繳費交易 (含全國性繳費),"05,06,26",319,30,Additional Information,附加資料 (左靠右補空白)
3.1.3,繳費交易 (含全國性繳費),"05,06,26",349,1,ESC_Status,電簽簽名狀態
3.1.3,繳費交易 (含全國性繳費),"05,06,26",350,4,ESC_Response_Code,電簽主機回應碼
3.1.3,繳費交易 (含全國性繳費),"05,06,26",354,247,Filler,保留
3.1.4,無人信用卡自助交易 (純讀卡，交易別 20),20,1,2,Trans_Type,交易別
3.1.4,無人信用卡自助交易 (純讀卡，交易別 20),20,3,2,Host_ID,銀行別
3.1.4,無人信用卡自助交易 (純讀卡，交易別 20),20,5,6,Invoice_No,EDC 簽單調閱編號
3.1.4,無人信用卡自助交易 (純讀卡，交易別 20),20,11,19,Card_No,信用卡卡號 (左靠右補空白，不遮掩)
3.1.4,無人信用卡自助交易 (純讀卡，交易別 20),20,30,4,Card_Expire_Date,信用卡有效期 (不遮掩)
3.1.4,無人信用卡自助交易 (純讀卡，交易別 20),20,34,12,Trans_Amount,交易金額
3.1.4,無人信用卡自助交易 (純讀卡，交易別 20),20,46,6,Trans_Date,交易日期
3.1.4,無人信用卡自助交易 (純讀卡，交易別 20),20,52,6,Trans_Time,交易時間
3.1.4,無人信用卡自助交易 (純讀卡，交易別 20),20,58,9,Approval_No,授權碼 (左靠右補空白)
3.1.4,無人信用卡自助交易 (純讀卡，交易別 20),20,67,12,Auth_Amount,預先授權金額
3.1.4,無人信用卡自助交易 (純讀卡，交易別 20),20,79,4,ECR_Response_Code,通訊回應碼
3.1.4,無人信用卡自助交易 (純讀卡，交易別 20),20,83,8,EDC_Terminal_ID,EDC 端末機代號
3.1.4,無人信用卡自助交易 (純讀卡，交易別 20),20,91,12,Reference_No,銀行交易序號
3.1.4,無人信用卡自助交易 (純讀卡，交易別 20),20,103,12,Exp_Amount,其他金額
3.1.4,無人信用卡自助交易 (純讀卡，交易別 20),20,115,18,Store_Id,專櫃號
3.1.4,無人信用卡自助交易 (純讀卡，交易別 20),20,133,2,Start Get PAN,"交易別 (SALE 01, REFUND 02)"
3.1.4,無人信用卡自助交易 (純讀卡，交易別 20),20,135,3,Issuer Id,發卡代號
3.1.4,無人信用卡自助交易 (純讀卡，交易別 20),20,138,1,CardType,卡片代碼
3.1.4,無人信用卡自助交易 (純讀卡，交易別 20),20,139,6,Filler,保留
3.1.4,無人信用卡自助交易 (純讀卡，交易別 20),20,145,50,Encrypted Card Number,加密卡號
3.1.4,無人信用卡自助交易 (純讀卡，交易別 20),20,195,16,Cancel Debt Number,銷帳編號
3.1.4,無人信用卡自助交易 (純讀卡，交易別 20),20,211,6,STAN,端末交易序號 (支付寶)
3.1.4,無人信用卡自助交易 (純讀卡，交易別 20),20,217,16,Order_Num,訂單編號 (支付寶)
3.1.4,無人信用卡自助交易 (純讀卡，交易別 20),20,233,16,Old Order_Num,原訂單編號 (支付寶)
3.1.4,無人信用卡自助交易 (純讀卡，交易別 20),20,249,14,Old Trans_Time,原交易時間 (支付寶)
3.1.4,無人信用卡自助交易 (純讀卡，交易別 20),20,263,32,ALIPAY_ID,支付寶條碼 (支付寶)
3.1.4,無人信用卡自助交易 (純讀卡，交易別 20),20,295,1,WaveFlag,"感應交易碼 (1 感應, 0 一般)"
3.1.4,無人信用卡自助交易 (純讀卡，交易別 20),20,296,23,Filler,保留
3.1.4,無人信用卡自助交易 (純讀卡，交易別 20),20,319,30,Additional Information,附加資料 (左靠右補空白)
3.1.4,無人信用卡自助交易 (純讀卡，交易別 20),20,349,252,Filler,保留
3.1.5,無人全國性繳費自助交易 (純讀卡，交易別 21),21,1,2,Trans_Type,交易別
3.1.5,無人全國性繳費自助交易 (純讀卡，交易別 21),21,3,8,IssuerId,轉出銀行代號
3.1.5,無人全國性繳費自助交易 (純讀卡，交易別 21),21,11,8,STAN,晶片卡交易序號
3.1.5,無人全國性繳費自助交易 (純讀卡，交易別 21),21,19,15,RFU,保留
3.1.5,無人全國性繳費自助交易 (純讀卡，交易別 21),21,34,12,Trans_Amount,交易金額
3.1.5,無人全國性繳費自助交易 (純讀卡，交易別 21),21,46,14,Trans_DateTime,交易日期時間
3.1.5,無人全國性繳費自助交易 (純讀卡，交易別 21),21,60,16,CardAccount,轉出帳號
3.1.5,無人全國性繳費自助交易 (純讀卡，交易別 21),21,76,3,RFU,保留
3.1.5,無人全國性繳費自助交易 (純讀卡，交易別 21),21,79,4,ECR_Response_Code,通訊回應碼
3.1.5,無人全國性繳費自助交易 (純讀卡，交易別 21),21,83,8,EDC_Terminal_ID,EDC 端末機代號
3.1.5,無人全國性繳費自助交易 (純讀卡，交易別 21),21,91,30,IcCardComment,晶片卡備註
3.1.5,無人全國性繳費自助交易 (純讀卡，交易別 21),21,121,8,TAC,晶片交易驗證碼
3.1.5,無人全國性繳費自助交易 (純讀卡，交易別 21),21,129,8,TccCode,端末設備查核碼
3.1.5,無人全國性繳費自助交易 (純讀卡，交易別 21),21,137,1,WaveFlag,"感應交易碼 (1 感應, 0 一般)"
3.1.5,無人全國性繳費自助交易 (純讀卡，交易別 21),21,138,7,RFU,保留
3.1.5,無人全國性繳費自助交易 (純讀卡，交易別 21),21,145,50,Encrypted Card Number,加密卡號
3.1.5,無人全國性繳費自助交易 (純讀卡，交易別 21),21,195,16,Cancel Debt Number,銷帳編號
3.1.5,無人全國性繳費自助交易 (純讀卡，交易別 21),21,211,108,Filler,保留
3.1.5,無人全國性繳費自助交易 (純讀卡，交易別 21),21,319,30,Additional Information,附加資料 (左靠右補空白)
3.1.5,無人全國性繳費自助交易 (純讀卡，交易別 21),21,349,252,Filler,保留
3.1.6,結帳交易 (交易別 50),50,1,2,Trans_Type,交易別
3.1.6,結帳交易 (交易別 50),50,3,2,Host_ID,銀行別
3.1.6,結帳交易 (交易別 50),50,5,74,Filler,保留
3.1.6,結帳交易 (交易別 50),50,79,4,ECR_Response_Code,通訊回應碼
3.1.6,結帳交易 (交易別 50),50,83,8,EDC_Terminal_ID,EDC 端末機代號
3.1.6,結帳交易 (交易別 50),50,91,54,Filler,保留
3.1.6,結帳交易 (交易別 50),50,145,12,Sale_Amount,銷售總金額
3.1.6,結帳交易 (交易別 50),50,157,12,Refund_Amount,退貨總金額
3.1.6,結帳交易 (交易別 50),50,169,3,Sale_Count,銷貨筆數
3.1.6,結帳交易 (交易別 50),50,172,3,Refund_Count,退貨筆數
3.1.6,結帳交易 (交易別 50),50,175,4,Host_Resp_Code,主機回應碼 (欄位 39)
3.1.6,結帳交易 (交易別 50),50,179,170,Filler,保留
3.1.6,結帳交易 (交易別 50),50,349,1,ESC_Status,電簽簽名狀態
3.1.6,結帳交易 (交易別 50),50,350,4,ESC_Response_Code,電簽主機回應碼
3.1.6,結帳交易 (交易別 50),50,354,247,Filler,保留
3.1.7,連動結帳交易 (交易別 51),51,1,2,Trans_Type,交易別
3.1.7,連動結帳交易 (交易別 51),51,3,2,Host_ID,銀行別
3.1.7,連動結帳交易 (交易別 51),51,5,74,Filler,保留
3.1.7,連動結帳交易 (交易別 51),51,79,4,TCB_ECR_Response_Code,收銀機通訊回應碼 (TCB)
3.1.7,連動結帳交易 (交易別 51),51,83,8,EDC_Terminal_ID,EDC 端末機代號
3.1.7,連動結帳交易 (交易別 51),51,91,1,TCB_SETTLE_ESC_Status,信用卡結帳電簽簽名狀態
3.1.7,連動結帳交易 (交易別 51),51,92,4,TCB_SETTLE_ESC_Response_Code,信用卡結帳電簽主機回應碼
3.1.7,連動結帳交易 (交易別 51),51,96,1,FISC_SETTLE_ESC_Status,金融卡結帳電簽簽名狀態
3.1.7,連動結帳交易 (交易別 51),51,97,4,FISC_SETTLE_ESC_Response_Code,金融卡結帳電簽主機回應碼
3.1.7,連動結帳交易 (交易別 51),51,101,1,NP_SETTLE_ESC_Status,全國性繳費結帳電簽簽名狀態
3.1.7,連動結帳交易 (交易別 51),51,102,4,NP_SETTLE_ESC_Response_Code,全國性繳費結帳電簽主機回應碼
3.1.7,連動結帳交易 (交易別 51),51,106,1,AE_SETTLE_ESC_Status,美國運通結帳電簽簽名狀態
3.1.7,連動結帳交易 (交易別 51),51,107,4,AE_SETTLE_ESC_Response_Code,美國運通結帳電簽主機回應碼
3.1.7,連動結帳交易 (交易別 51),51,111,34,Filler,保留
3.1.7,連動結帳交易 (交易別 51),51,145,12,TCB_Sale_Amount,信用卡銷售總金額
3.1.7,連動結帳交易 (交易別 51),51,157,12,TCB_Refund_Amount,信用卡退貨總金額
3.1.7,連動結帳交易 (交易別 51),51,169,3,TCB_Sale_Count,信用卡銷貨筆數
3.1.7,連動結帳交易 (交易別 51),51,172,3,TCB_Refund_Count,信用卡退貨筆數
3.1.7,連動結帳交易 (交易別 51),51,175,4,TCB_Host_Resp_Code,信用卡主機回應碼
3.1.7,連動結帳交易 (交易別 51),51,179,4,FISC_ECR_Response_Code,收銀機通訊回應碼 (FISC)
3.1.7,連動結帳交易 (交易別 51),51,183,12,FISC_Sale_Amount,金融卡銷售總金額
3.1.7,連動結帳交易 (交易別 51),51,195,12,FISC_Refund_Amount,金融卡退貨總金額
3.1.7,連動結帳交易 (交易別 51),51,207,3,FISC_Sale_Count,金融卡銷貨筆數
3.1.7,連動結帳交易 (交易別 51),51,210,3,FISC_Refund_Count,金融卡退貨筆數
3.1.7,連動結帳交易 (交易別 51),51,213,4,FISC_Host_Resp_Code,金融卡主機回應碼
3.1.7,連動結帳交易 (交易別 51),51,217,4,NP_ECR_Response_Code,收銀機通訊回應碼 (NP)
3.1.7,連動結帳交易 (交易別 51),51,221,12,NP_Sale_Amount,全國性繳費銷售總金額
3.1.7,連動結帳交易 (交易別 51),51,233,3,NP_Sale_Count,全國性繳費銷貨筆數
3.1.7,連動結帳交易 (交易別 51),51,236,4,NP_Host_Resp_Code_F39,全國性繳費主機回應碼 (F39)
3.1.7,連動結帳交易 (交易別 51),51,240,4,NP_Host_Resp_Code_F57,全國性繳費主機回應碼 (F57)
3.1.7,連動結帳交易 (交易別 51),51,244,4,INST_ECR_Response_Code,收銀機通訊回應碼 (INST)
3.1.7,連動結帳交易 (交易別 51),51,248,12,INST_Sale_Amount,分期銷售總金額
3.1.7,連動結帳交易 (交易別 51),51,260,12,INST_Refund_Amount,分期退貨總金額
3.1.7,連動結帳交易 (交易別 51),51,272,3,INST_Sale_Count,分期銷貨筆數
3.1.7,連動結帳交易 (交易別 51),51,275,3,INST_Refund_Count,分期退貨筆數
3.1.7,連動結帳交易 (交易別 51),51,278,4,INST_Host_Resp_Code,分期主機回應碼
3.1.7,連動結帳交易 (交易別 51),51,282,4,AE_ECR_Response_Code,收銀機通訊回應碼 (AE)
3.1.7,連動結帳交易 (交易別 51),51,286,12,AE_Sale_Amount,美國運通銷售總金額
3.1.7,連動結帳交易 (交易別 51),51,298,12,AE_Refund_Amount,美國運通退貨總金額
3.1.7,連動結帳交易 (交易別 51),51,310,3,AE_Sale_Count,美國運通銷貨筆數
3.1.7,連動結帳交易 (交易別 51),51,313,3,AE_Refund_Count,美國運通退貨筆數
3.1.7,連動結帳交易 (交易別 51),51,316,4,AE_Host_Resp_Code,美國運通主機回應碼
3.1.7,連動結帳交易 (交易別 51),51,320,4,CMAS_ECR_Response_Code,收銀機通訊回應碼 (CMAS)
3.1.7,連動結帳交易 (交易別 51),51,324,12,CMAS_Sale_Amount,悠遊卡銷售總金額
3.1.7,連動結帳交易 (交易別 51),51,336,12,CMAS_Refund_Amount,悠遊卡退貨總金額
3.1.7,連動結帳交易 (交易別 51),51,348,3,CMAS_Sale_Count,悠遊卡銷貨筆數
3.1.7,連動結帳交易 (交易別 51),51,351,3,CMAS_Refund_Count,悠遊卡退貨筆數
3.1.7,連動結帳交易 (交易別 51),51,354,4,CMAS_Host_Resp_Code,悠遊卡主機回應碼
3.1.7,連動結帳交易 (交易別 51),51,358,243,Filler,保留
3.1.8,主機帳務回傳 (交易別 11),11,1,2,Trans_Type,交易別
3.1.8,主機帳務回傳 (交易別 11),11,3,2,DINES,大來卡 (代號 00)
3.1.8,主機帳務回傳 (交易別 11),11,5,12,DINES_Sale_Amount,銷售總金額 (含小費)
3.1.8,主機帳務回傳 (交易別 11),11,17,12,DINES_Refund_Amount,退貨總金額
3.1.8,主機帳務回傳 (交易別 11),11,29,12,DINES_Void_Amount,取消總金額
3.1.8,主機帳務回傳 (交易別 11),11,41,3,DINES_Sale_Count,銷貨筆數
3.1.8,主機帳務回傳 (交易別 11),11,44,3,DINES_Refund_Count,退貨筆數
3.1.8,主機帳務回傳 (交易別 11),11,47,3,DINES_Void_Count,取消筆數
3.1.8,主機帳務回傳 (交易別 11),11,50,2,AE,美國運通卡 (代號 01)
3.1.8,主機帳務回傳 (交易別 11),11,52,12,AE_Sale_Amount,銷售總金額 (含小費)
3.1.8,主機帳務回傳 (交易別 11),11,64,12,AE_Refund_Amount,退貨總金額
3.1.8,主機帳務回傳 (交易別 11),11,76,12,AE_Void_Amount,取消總金額
3.1.8,主機帳務回傳 (交易別 11),11,88,3,AE_Sale_Count,銷貨筆數
3.1.8,主機帳務回傳 (交易別 11),11,91,3,AE_Refund_Count,退貨筆數
3.1.8,主機帳務回傳 (交易別 11),11,94,3,AE_Void_Count,取消筆數
3.1.8,主機帳務回傳 (交易別 11),11,97,2,TCB,合庫 (代號 02)
3.1.8,主機帳務回傳 (交易別 11),11,99,12,TCB_Sale_Amount,銷售總金額 (含小費)
3.1.8,主機帳務回傳 (交易別 11),11,111,12,TCB_Refund_Amount,退貨總金額
3.1.8,主機帳務回傳 (交易別 11),11,123,12,TCB_Void_Amount,取消總金額
3.1.8,主機帳務回傳 (交易別 11),11,135,3,TCB_Sale_Count,銷貨筆數
3.1.8,主機帳務回傳 (交易別 11),11,138,3,TCB_Refund_Count,退貨筆數
3.1.8,主機帳務回傳 (交易別 11),11,141,3,TCB_Void_Count,取消筆數
3.1.8,主機帳務回傳 (交易別 11),11,144,2,FISC,金融卡 (代號 03)
3.1.8,主機帳務回傳 (交易別 11),11,146,12,FISC_Sale_Amount,銷售總金額 (含小費)
3.1.8,主機帳務回傳 (交易別 11),11,158,12,FISC_Refund_Amount,退貨總金額
3.1.8,主機帳務回傳 (交易別 11),11,170,12,FISC_Void_Amount,取消總金額
3.1.8,主機帳務回傳 (交易別 11),11,182,3,FISC_Sale_Count,銷貨筆數
3.1.8,主機帳務回傳 (交易別 11),11,185,3,FISC_Refund_Count,退貨筆數
3.1.8,主機帳務回傳 (交易別 11),11,188,3,FISC_Void_Count,取消筆數
3.1.8,主機帳務回傳 (交易別 11),11,191,2,INST,分期主機 (代號 04)
3.1.8,主機帳務回傳 (交易別 11),11,193,12,INST_Sale_Amount,銷售總金額 (含小費)
3.1.8,主機帳務回傳 (交易別 11),11,205,12,INST_Refund_Amount,退貨總金額
3.1.8,主機帳務回傳 (交易別 11),11,217,12,INST_Void_Amount,取消總金額
3.1.8,主機帳務回傳 (交易別 11),11,229,3,INST_Sale_Count,銷貨筆數
3.1.8,主機帳務回傳 (交易別 11),11,232,3,INST_Refund_Count,退貨筆數
3.1.8,主機帳務回傳 (交易別 11),11,235,3,INST_Void_Count,取消筆數
3.1.8,主機帳務回傳 (交易別 11),11,238,363,Filler,保留
3.1.9,"紅利交易 (交易別 80, 81)","80,81",1,2,Trans_Type,交易別
3.1.9,"紅利交易 (交易別 80, 81)","80,81",3,2,Host_ID,銀行別
3.1.9,"紅利交易 (交易別 80, 81)","80,81",5,6,Invoice_No,EDC 簽單調閱編號
3.1.9,"紅利交易 (交易別 80, 81)","80,81",11,19,Card_No,信用卡卡號 (左靠右補空白)
3.1.9,"紅利交易 (交易別 80, 81)","80,81",30,4,Card_Expire_Date,信用卡有效期 (全部空白)
3.1.9,"紅利交易 (交易別 80, 81)","80,81",34,12,Trans_Amount,交易金額
3.1.9,"紅利交易 (交易別 80, 81)","80,81",46,6,Trans_Date,交易日期
3.1.9,"紅利交易 (交易別 80, 81)","80,81",52,6,Trans_Time,交易時間
3.1.9,"紅利交易 (交易別 80, 81)","80,81",58,9,Approval_No,授權碼 (左靠右補空白)
3.1.9,"紅利交易 (交易別 80, 81)","80,81",67,6,Redeem_ActNum,紅利活動編號
3.1.9,"紅利交易 (交易別 80, 81)","80,81",73,1,Redeem_Config,紅利折抵說明
3.1.9,"紅利交易 (交易別 80, 81)","80,81",74,2,Redeem_Response,紅利折抵結果回應碼
3.1.9,"紅利交易 (交易別 80, 81)","80,81",76,1,Redeem_Balance_Sign,紅利餘額點數正負號
3.1.9,"紅利交易 (交易別 80, 81)","80,81",77,2,Filler,保留
3.1.9,"紅利交易 (交易別 80, 81)","80,81",79,4,ECR_Response_Code,通訊回應碼
3.1.9,"紅利交易 (交易別 80, 81)","80,81",83,8,EDC_Terminal_ID,EDC 端末機代號
3.1.9,"紅利交易 (交易別 80, 81)","80,81",91,12,Reference_No,銀行交易序號
3.1.9,"紅利交易 (交易別 80, 81)","80,81",103,12,Amount_After_Cost,扣抵後消費金額
3.1.9,"紅利交易 (交易別 80, 81)","80,81",115,18,Store_Id,專櫃號
3.1.9,"紅利交易 (交易別 80, 81)","80,81",133,2,Start Get PAN,交易別
3.1.9,"紅利交易 (交易別 80, 81)","80,81",135,3,Filler,保留
3.1.9,"紅利交易 (交易別 80, 81)","80,81",138,1,CardType,卡片代碼
3.1.9,"紅利交易 (交易別 80, 81)","80,81",139,4,Org_Trans_Date,原交易日期 (MMDD)
3.1.9,"紅利交易 (交易別 80, 81)","80,81",143,2,Filler,保留
3.1.9,"紅利交易 (交易別 80, 81)","80,81",145,50,Encrypted Card Number,加密卡號
3.1.9,"紅利交易 (交易別 80, 81)","80,81",195,10,Redeem_Point_Remain,紅利餘額點數 (右靠左補 0)
3.1.9,"紅利交易 (交易別 80, 81)","80,81",205,10,Redeem_Point_Cost,扣抵紅利點數 (右靠左補 0)
3.1.9,"紅利交易 (交易別 80, 81)","80,81",215,104,Filler,保留
3.1.9,"紅利交易 (交易別 80, 81)","80,81",319,30,Additional Information,附加資料 (左靠右補空白)
3.1.9,"紅利交易 (交易別 80, 81)","80,81",349,1,ESC_Status,電簽簽名狀態
3.1.9,"紅利交易 (交易別 80, 81)","80,81",350,4,ESC_Response_Code,電簽主機回應碼
3.1.9,"紅利交易 (交易別 80, 81)","80,81",354,247,Filler,保留
3.1.10,"悠遊卡交易 (交易別 31, 32)","31,32",1,2,Trans_Type,交易別
3.1.10,"悠遊卡交易 (交易別 31, 32)","31,32",3,2,Host_ID,銀行別
3.1.10,"悠遊卡交易 (交易別 31, 32)","31,32",5,29,Filler,保留
3.1.10,"悠遊卡交易 (交易別 31, 32)","31,32",34,12,Trans_Amount,交易金額
3.1.10,"悠遊卡交易 (交易別 31, 32)","31,32",46,6,Trans_Date,交易日期
3.1.10,"悠遊卡交易 (交易別 31, 32)","31,32",52,6,Trans_Time,交易時間
3.1.10,"悠遊卡交易 (交易別 31, 32)","31,32",58,21,Filler,保留
3.1.10,"悠遊卡交易 (交易別 31, 32)","31,32",79,4,ECR_Response_Code,通訊回應碼
3.1.10,"悠遊卡交易 (交易別 31, 32)","31,32",83,8,EDC_Terminal_ID,EDC 端末機代號
3.1.10,"悠遊卡交易 (交易別 31, 32)","31,32",91,14,Reference_No,銀行交易序號
3.1.10,"悠遊卡交易 (交易別 31, 32)","31,32",103,234,Filler,保留
3.1.10,"悠遊卡交易 (交易別 31, 32)","31,32",337,1,Ticket_Type,電子票證名稱類別
3.1.10,"悠遊卡交易 (交易別 31, 32)","31,32",338,19,Ticket_Card_Number,電子票證卡號
3.1.10,"悠遊卡交易 (交易別 31, 32)","31,32",357,10,Ticket_Reference_Number,電子票證交易序號
3.1.10,"悠遊卡交易 (交易別 31, 32)","31,32",367,10,Ticket_Batch_Number,批次號碼
3.1.10,"悠遊卡交易 (交易別 31, 32)","31,32",377,10,Ticket_Pre_Balance,交易前餘額
3.1.10,"悠遊卡交易 (交易別 31, 32)","31,32",387,10,Ticket_Auto_Load_Amount,自動加值金額
3.1.10,"悠遊卡交易 (交易別 31, 32)","31,32",397,10,Ticket_Balance,消費後餘額
3.1.10,"悠遊卡交易 (交易別 31, 32)","31,32",407,194,Filler,保留
3.1.11,金融卡退貨 (交易別 27),27,1,2,Trans_Type,交易別
3.1.11,金融卡退貨 (交易別 27),27,3,2,Host_ID,銀行別
3.1.11,金融卡退貨 (交易別 27),27,5,6,Invoice_No,EDC 簽單調閱編號
3.1.11,金融卡退貨 (交易別 27),27,11,19,Card_No,信用卡卡號 (左靠右補空白)
3.1.11,金融卡退貨 (交易別 27),27,30,4,Card_Expire_Date,信用卡有效期 (全部空白)
3.1.11,金融卡退貨 (交易別 27),27,34,12,Trans_Amount,交易金額 (小於等於原交易)
3.1.11,金融卡退貨 (交易別 27),27,46,6,Trans_Date,原交易日期
3.1.11,金融卡退貨 (交易別 27),27,52,6,Trans_Time,原交易時間
3.1.11,金融卡退貨 (交易別 27),27,58,9,Approval_No,授權碼 (左靠右補空白)
3.1.11,金融卡退貨 (交易別 27),27,67,12,Auth_Amount,預先授權金額
3.1.11,金融卡退貨 (交易別 27),27,79,4,ECR_Response_Code,通訊回應碼
3.1.11,金融卡退貨 (交易別 27),27,83,8,EDC_Terminal_ID,原 EDC 端末機代號
3.1.11,金融卡退貨 (交易別 27),27,91,12,Reference_No,原交易序號
3.1.11,金融卡退貨 (交易別 27),27,103,12,Exp_Amount,其他金額
3.1.11,金融卡退貨 (交易別 27),27,115,18,Store_Id,專櫃號
3.1.11,金融卡退貨 (交易別 27),27,133,2,Start Get PAN,"交易別 (SALE 01, REFUND 02)"
3.1.11,金融卡退貨 (交易別 27),27,135,3,Issuer Id,發卡代號
3.1.11,金融卡退貨 (交易別 27),27,138,1,CardType,卡片代碼
3.1.11,金融卡退貨 (交易別 27),27,139,6,Batch_Number,原交易批次
3.1.11,金融卡退貨 (交易別 27),27,145,50,Encrypted Card Number,加密卡號
3.1.11,金融卡退貨 (交易別 27),27,195,16,Cancel Debt Number,銷帳編號
3.1.11,金融卡退貨 (交易別 27),27,211,84,Filler,保留
3.1.11,金融卡退貨 (交易別 27),27,295,4,Host_Response_Code,金融卡主機回應碼
3.1.11,金融卡退貨 (交易別 27),27,299,15,EDC_Merchant_ID,商代
3.1.11,金融卡退貨 (交易別 27),27,314,5,Filler,保留
3.1.11,金融卡退貨 (交易別 27),27,319,30,Additional Information,附加資料 (左靠右補空白)
3.1.11,金融卡退貨 (交易別 27),27,349,1,ESC_Status,電簽簽名狀態
3.1.11,金融卡退貨 (交易別 27),27,350,4,ESC_Response_Code,電簽主機回應碼
3.1.11,金融卡退貨 (交易別 27),27,354,247,Filler,保留
3.1.12,交易回傳 (交易別 91),91,1,2,Trans_Type,交易別
3.1.12,交易回傳 (交易別 91),91,3,2,Host_ID,銀行別
3.1.12,交易回傳 (交易別 91),91,5,6,Invoice_No,EDC 簽單調閱編號
3.1.12,交易回傳 (交易別 91),91,11,19,Card_No,信用卡卡號 (左靠右補空白)
3.1.12,交易回傳 (交易別 91),91,30,4,Card_Expire_Date,信用卡有效期 (全部空白)
3.1.12,交易回傳 (交易別 91),91,34,12,Trans_Amount,交易金額
3.1.12,交易回傳 (交易別 91),91,46,6,Trans_Date,交易日期
3.1.12,交易回傳 (交易別 91),91,52,6,Trans_Time,交易時間
3.1.12,交易回傳 (交易別 91),91,58,9,Approval_No,授權碼 (左靠右補空白)
3.1.12,交易回傳 (交易別 91),91,67,12,Auth_Amount,預先授權金額
3.1.12,交易回傳 (交易別 91),91,79,4,ECR_Response_Code,通訊回應碼
3.1.12,交易回傳 (交易別 91),91,83,8,EDC_Terminal_ID,EDC 端末機代號
3.1.12,交易回傳 (交易別 91),91,91,12,Reference_No,銀行交易序號
3.1.12,交易回傳 (交易別 91),91,103,12,Exp_Amount,其他金額
3.1.12,交易回傳 (交易別 91),91,115,18,Store_ID,專櫃號
3.1.12,交易回傳 (交易別 91),91,133,2,Start Get PAN,"交易別 (SALE 01, REFUND 02)"
3.1.12,交易回傳 (交易別 91),91,135,3,Issuer_ID,發卡代號
3.1.12,交易回傳 (交易別 91),91,138,1,Card_Type,卡片代碼
3.1.12,交易回傳 (交易別 91),91,139,4,Org_Trans_Date,原交易日期 (MMDD)
3.1.12,交易回傳 (交易別 91),91,143,2,Filler,保留
3.1.12,交易回傳 (交易別 91),91,145,50,Encrypted Card Number,加密卡號
3.1.12,交易回傳 (交易別 91),91,195,16,Cancel Debt Number,銷帳編號
3.1.12,交易回傳 (交易別 91),91,211,6,STAN,端末交易序號 (支付寶)
3.1.12,交易回傳 (交易別 91),91,217,16,Order_Num,訂單編號 (支付寶)
3.1.12,交易回傳 (交易別 91),91,233,16,Old Order_Num,原訂單編號 (支付寶)
3.1.12,交易回傳 (交易別 91),91,249,14,Old Trans_Time,原交易時間 (支付寶)
3.1.12,交易回傳 (交易別 91),91,263,32,ALIPAY_ID,支付寶條碼
3.1.12,交易回傳 (交易別 91),91,295,4,Host_Response_Code,信用卡主機回應碼
3.1.12,交易回傳 (交易別 91),91,299,15,EDC_Merchant_ID,EDC 商店代號
3.1.12,交易回傳 (交易別 91),91,314,287,Filler,保留
3.1.13,使用者登入回傳 (交易別 92),92,1,2,Trans_Type,交易別
3.1.13,使用者登入回傳 (交易別 92),92,3,2,Host_ID,銀行別
3.1.13,使用者登入回傳 (交易別 92),92,5,6,Invoice_No,EDC 簽單調閱編號
3.1.13,使用者登入回傳 (交易別 92),92,11,19,Card_No,信用卡卡號 (左靠右補空白)
3.1.13,使用者登入回傳 (交易別 92),92,30,4,Card_Expire_Date,信用卡有效期 (全部空白)
3.1.13,使用者登入回傳 (交易別 92),92,34,12,Trans_Amount,交易金額
3.1.13,使用者登入回傳 (交易別 92),92,46,6,Trans_Date,交易日期
3.1.13,使用者登入回傳 (交易別 92),92,52,6,Trans_Time,交易時間
3.1.13,使用者登入回傳 (交易別 92),92,58,9,Approval_No,授權碼 (左靠右補空白)
3.1.13,使用者登入回傳 (交易別 92),92,67,12,Auth_Amount,預先授權金額
3.1.13,使用者登入回傳 (交易別 92),92,79,4,ECR_Response_Code,通訊回應碼
3.1.13,使用者登入回傳 (交易別 92),92,83,8,EDC_Terminal_ID,EDC 端末機代號
3.1.13,使用者登入回傳 (交易別 92),92,91,12,Reference_No,銀行交易序號
3.1.13,使用者登入回傳 (交易別 92),92,103,12,Exp_Amount,其他金額
3.1.13,使用者登入回傳 (交易別 92),92,115,18,Store_Id,專櫃號
3.1.13,使用者登入回傳 (交易別 92),92,133,2,Start Get PAN,"交易別 (SALE 01, REFUND 02)"
3.1.13,使用者登入回傳 (交易別 92),92,135,3,Issuer Id,發卡代號
3.1.13,使用者登入回傳 (交易別 92),92,138,1,CardType,卡片代碼
3.1.13,使用者登入回傳 (交易別 92),92,139,6,Filler,保留
3.1.13,使用者登入回傳 (交易別 92),92,145,50,Encrypted Card Number,加密卡號
3.1.13,使用者登入回傳 (交易別 92),92,195,16,Cancel Debt Number,銷帳編號
3.1.13,使用者登入回傳 (交易別 92),92,211,6,STAN,端末交易序號 (支付寶)
3.1.13,使用者登入回傳 (交易別 92),92,217,16,Order_Num,訂單編號 (支付寶)
3.1.13,使用者登入回傳 (交易別 92),92,233,16,Old Order_Num,原訂單編號 (支付寶)
3.1.13,使用者登入回傳 (交易別 92),92,249,14,Old Trans_Time,原交易時間 (支付寶)
3.1.13,使用者登入回傳 (交易別 92),92,263,32,ALIPAY_ID,支付寶條碼
3.1.13,使用者登入回傳 (交易別 92),92,295,4,Host_Response_Code,信用卡主機回應碼
3.1.13,使用者登入回傳 (交易別 92),92,299,15,EDC_Merchant_ID,EDC 商店代號
3.1.13,使用者登入回傳 (交易別 92),92,314,287,Filler,保留
3.1.14,"英特拉交易 (交易別 36, 37, 38, 39)","36,37,38,39",1,2,Trans_Type,交易別
3.1.14,"英特拉交易 (交易別 36, 37, 38, 39)","36,37,38,39",3,31,Filler,保留
3.1.14,"英特拉交易 (交易別 36, 37, 38, 39)","36,37,38,39",34,12,Trans_Amount,交易金額
3.1.14,"英特拉交易 (交易別 36, 37, 38, 39)","36,37,38,39",46,6,Trans_Date,交易日期
3.1.14,"英特拉交易 (交易別 36, 37, 38, 39)","36,37,38,39",52,6,Trans_Time,交易時間
3.1.14,"英特拉交易 (交易別 36, 37, 38, 39)","36,37,38,39",58,20,Order_Num,訂單編號
3.1.14,"英特拉交易 (交易別 36, 37, 38, 39)","36,37,38,39",78,1,Order_Status,訂單狀態
3.1.14,"英特拉交易 (交易別 36, 37, 38, 39)","36,37,38,39",79,4,ECR_Response_Code,通訊回應碼
3.1.14,"英特拉交易 (交易別 36, 37, 38, 39)","36,37,38,39",83,4,INTELLA_Response_Code,英特拉回應碼
3.1.14,"英特拉交易 (交易別 36, 37, 38, 39)","36,37,38,39",87,512,Scan_Data,英特拉被掃掃碼資料 (左靠右補空白)
3.1.14,"英特拉交易 (交易別 36, 37, 38, 39)","36,37,38,39",599,2,Filler,保留
